,Rock,Electronic,Pop,Folk_World_&_Country,Jazz,Funk_Soul,Classical,Hip_Hop,Latin,Stage_&_Screen,Reggae,Blues,Non_Music,Children's,Brass_&_Military 
0,Pop Rock,House,Vocal,Folk,Easy Listening,Soul,Romantic,Gangsta,Bolero,Soundtrack,Dancehall,Blues Rock,Comedy,Story,Marches
1,Punk,Experimental,Pop Rock,Country,Swing,Disco,Classical,Pop Rap,Salsa,Score,Reggae,Rhythm & Blues,Spoken Word,Radioplay,Brass Band
2,Alternative Rock,Synth-pop,Ballad,Folk Rock,Big Band,Funk,Baroque,RnB/Swing,Cumbia,Theme,Roots Reggae,Rock & Roll,Radioplay,Nursery Rhymes,Military
3,Indie Rock,Techno,Chanson,African,Contemporary Jazz,Rhythm & Blues,Modern,Conscious,Ballad,Musical,Dub,Electric Blues,Field Recording,Educational,Folk
4,Hard Rock,Ambient,Schlager,Vocal,Vocal,Contemporary R&B,Opera,Hip Hop,MPB,Vocal,Ska,Country Blues,Experimental,Holiday,Polka
5,Rock & Roll,Electro,Synth-pop,Gospel,Fusion,Pop Rock,Contemporary,Instrumental,Samba,Easy Listening,Reggae-Pop,Chicago Blues,Audiobook,Soundtrack,Volksmusik
6,Hardcore,Trance,Europop,Volksmusik,Jazz-Funk,Gospel,Choral,House,Tango,Pop Rock,Rocksteady,Soul,Poetry,Vocal,Pipe & Drum
7,Heavy Metal,Downtempo,Easy Listening,Ballad,Soul-Jazz,Ballad,Renaissance,Electro,Latin Jazz,Bollywood,Lovers Rock,Pop Rock,Religious,Audiobook,Vocal
8,Psychedelic Rock,Disco,Indie Pop,Country Rock,Bop,Synth-pop,Neo-Classical,Hardcore Hip-Hop,Cha-Cha,Ballad,Calypso,Classic Rock,Interview,Folk,Political
9,Folk Rock,Tech House,Disco,Celtic,Jazz-Rock,Vocal,Soundtrack,Trap,Merengue,Hindustani,Ragga,Folk,Noise,Spoken Word,Schlager
10,Prog Rock,Noise,Soft Rock,Bluegrass,Latin Jazz,Jazz-Funk,Religious,Contemporary R&B,Vocal,Video Game Music,Pop Rock,Vocal,Education,Chanson,Classical
11,Classic Rock,Deep House,Rock & Roll,Laïkó,Free Improvisation,House,Vocal,Boom Bap,Rumba,Ambient,Soca,Psychedelic Rock,Story,Theme,Instrumental
12,Black Metal,Drum n Bass,Indie Rock,Pop Rock,Hard Bop,Soul-Jazz,Holiday,Jazzy Hip-Hop,Flamenco,Synth-pop,Disco,Folk Rock,Ambient,Religious,Religious
13,Blues Rock,Progressive House,Soul,Soundtrack,Free Jazz,RnB/Swing,Experimental,Thug Rap,Ranchera,Chanson,Soul,Piano Blues,Dialogue,Novelty,Romantic
14,Experimental,Industrial,Soundtrack,Chanson,Cool Jazz,Rock & Roll,Impressionist,Downtempo,Easy Listening,Experimental,Punk,Delta Blues,Abstract,Musical,Big Band
15,Death Metal,Euro House,Alternative Rock,Acoustic,Post Bop,Boogie,Easy Listening,Experimental,Mambo,Rock & Roll,House,Modern Electric Blues,Promotional,Ballad,Easy Listening
16,New Wave,Abstract,Folk,Polka,Smooth Jazz,Downtempo,Operetta,Pop Rock,Pop Rock,Disco,Funk,Ballad,Monolog,Choral,Soundtrack
17,Soft Rock,Hardcore,House,Religious,Experimental,Soundtrack,Modern Classical,Synth-pop,Folk,Modern Classical,Synth-pop,Country,Speech,Pop Rock,Modern
18,Garage Rock,Minimal,Dance-pop,Holiday,Dixieland,Electro,Ambient,Alternative Rock,Bossanova,Contemporary,Ragga HipHop,Country Rock,Folk,Comedy,Contemporary
19,Synth-pop,Pop Rock,J-pop,Schlager,Soundtrack,Neo Soul,Folk,G-Funk,Guaracha,Comedy,Alternative Rock,Acoustic,Political,Schlager,Choral
20,Thrash,Breakbeat,Holiday,Hindustani,Soul,Soft Rock,Score,Soul,Afro-Cuban,Anison,Downtempo,Gospel,Drone,Europop,Holiday
21,Acoustic,Drone,Folk Rock,Experimental,Funk,Easy Listening,Neo-Romantic,Bass Music,Son,Big Band,Euro House,Swing,Special Effects,Classical,Industrial
22,Country Rock,Progressive Trance,New Wave,Easy Listening,Bossa Nova,Pop Rap,Medieval,Euro House,Bossa Nova,Folk,New Wave,Hard Rock,Soundtrack,Education,Spoken Word
23,Ballad,IDM,Electro,Indie Rock,Ballad,Doo Wop,Organ,Funk,Disco,Soul,Ballad,Harmonica Blues,Public Broadcast,Score,Theme
24,Vocal,New Wave,Country,Flamenco,Avant-garde Jazz,Psychedelic,Ballad,Trip Hop,Funk,Funk,Electro,Alternative Rock,Sound Art,Poetry,Ballad
25,Art Rock,Breaks,Euro House,Bollywood,Pop Rock,Afrobeat,Oratorio,Cut-up/DJ,Guaguancó,Alternative Rock,African,Texas Blues,Therapy,Gospel,Experimental
26,Post-Punk,Dark Ambient,Rhythm & Blues,Alternative Rock,Rhythm & Blues,Fusion,Post-Modern,Abstract,Latin,Classical,Pop Rap,Jump Blues,Vocal,Synth-pop,Speech
27,Noise,Dance-pop,Beat,Ambient,Modal,Alternative Rock,Theme,Disco,Chanson,Swing,RnB/Swing,Garage Rock,Pop Rock,Disco,Score
28,Doom Metal,Hard Trance,Downtempo,Psychedelic Rock,Prog Rock,Psychedelic Rock,New Age,Europop,Mariachi,Downtempo,Hip Hop,Funk,Industrial,Country,Dark Ambient
29,Beat,Electro House,Funk,Indian Classical,Disco,Blues Rock,Abstract,Ragga HipHop,House,Opera,Europop,Doo Wop,Musique Concrète,Experimental,Baroque
30,Avantgarde,Acid,Novelty,Rock & Roll,Downtempo,New Jack Swing,Musical,Ballad,Soul,Schlager,Rhythm & Blues,Louisiana Blues,Parody,Romantic,Chanson
31,Rockabilly,Alternative Rock,Acoustic,Éntekhno,Chanson,African,Minimal,Breakbeat,African,Psychedelic Rock,Indie Rock,Boogie Woogie,Chanson,Dialogue,Celtic
32,Grindcore,Europop,Psychedelic Rock,Rumba,Ragtime,Europop,Contemporary Jazz,Horrorcore,Reggaeton,Romantic,Vocal,Soul-Jazz,Sermon,Modern,Swing
33,Folk,Leftfield,Classic Rock,Canzone Napoletana,Ambient,Classic Rock,Chanson,Dance-pop,Vallenato,Spoken Word,Experimental,Southern Rock,Avantgarde,Easy Listening,Neofolk
34,Lo-Fi,Dubstep,Kayōkyoku,Soft Rock,Folk,Dance-pop,Gospel,Indie Rock,Cubano,Soft Rock,Dubstep,Rockabilly,Dark Ambient,Parody,Dixieland
35,Post Rock,Psy-Trance,Experimental,New Age,Theme,Hip Hop,Instrumental,Breaks,Norteño,Modern,Reggaeton,Experimental,New Age,Dance-pop,Ragtime
36,Rhythm & Blues,Dub,Pop Rap,Rockabilly,Avantgarde,Folk Rock,Avantgarde,Soundtrack,Rock & Roll,Story,Drum n Bass,Easy Listening,Alternative Rock,Rock & Roll,Neo-Classical
37,Power Pop,Indie Rock,Big Band,Pacific,Holiday,Smooth Jazz,Pop Rock,Hip-House,Forró,Jazz-Funk,Folk Rock,Big Band,Technical,Contemporary,Pasodoble
38,Glam,Hard House,RnB/Swing,Blues Rock,Space-Age,Chanson,Spoken Word,Dancehall,Corrido,Electro,Rock & Roll,Indie Rock,Novelty,Euro House,Field Recording
39,Industrial,Hip Hop,Swing,Nordic,Psychedelic Rock,New Wave,Light Music,Drum n Bass,Europop,Dialogue,Folk,Soft Rock,Gospel,Folk Rock,Pop Rock
40,Goth Rock,Funk,Theme,Soul,Instrumental,Jazz-Rock,Schlager,Ambient,Porro,Classic Rock,Soft Rock,Soundtrack,Punk,Pop Rap,Novelty
41,Soul,New Age,Contemporary R&B,Honky Tonk,Afro-Cuban Jazz,Experimental,Free Improvisation,Techno,Boogaloo,Folk Rock,Dance-pop,Prog Rock,Synth-pop,Promotional,Ambient
42,Indie Pop,Modern Classical,Bollywood,Indie Pop,Future Jazz,Reggae,Marches,Dub,Soundtrack,J-pop,Steel Band,Jazz-Rock,Minimal,Acoustic,Opera
43,Ambient,Ballad,Power Pop,Fado,Schlager,Indie Rock,Drone,Vocal,Tejano,Country,Jungle,Chanson,Ballad,Funk,Gospel
44,Emo,EBM,Parody,Choral,Score,Acid Jazz,Downtempo,Cloud Rap,Synth-pop,Abstract,Contemporary R&B,Beat,Health-Fitness,Special Effects,Musical
45,Soundtrack,Italo-Disco,Gospel,Soukous,Synth-pop,Folk,Acoustic,Trance,Fusion,Rhythm & Blues,Soundtrack,Punk,Country,Alternative Rock,Comedy
46,Stoner Rock,Trip Hop,Country Rock,Highlife,Abstract,Contemporary Jazz,Musique Concrète,Grime,Pachanga,Hard Rock,Chanson,Dixieland,Rock & Roll,Villancicos,Country
47,Disco,Jungle,Light Music,Hawaiian,Samba,Holiday,Prog Rock,Neo Soul,Descarga,Soul-Jazz,Classic Rock,Bluegrass,Classical,Volksmusik,Tango
48,Shoegaze,Soundtrack,Mandopop,Funk,Rock & Roll,MPB,Dark Ambient,Punk,Psychedelic Rock,Prog Rock,Afrobeat,Avantgarde,Free Improvisation,Bubblegum,Guggenmusik
49,Surf,Hardstyle,Garage Rock,Disco,Blues Rock,City Pop,Big Band,New Jack Swing,Guajira,House,Blues Rock,Contemporary Jazz,Psychedelic Rock,Ambient,Light Music
50,Electro,Soul,Religious,Zouk,Contemporary,Latin Jazz,Early,Leftfield,Alternative Rock,Instrumental,Hardcore,Ragtime,Holiday,Soft Rock,Romani
51,Pop Punk,Synthwave,Comedy,Tango,Folk Rock,P.Funk,Synth-pop,Dubstep,Son Montuno,Neo-Classical,Acoustic,Fusion,Acoustic,MPB,Noise
52,Chanson,Garage House,Prog Rock,Downtempo,Alternative Rock,Country,Zarzuela,Rhythm & Blues,Beat,Contemporary Jazz,Reggae Gospel,Holiday,Movie Effects,Marches,Disco
53,Oi,Darkwave,Ambient,Bolero,Soft Rock,Garage Rock,Field Recording,Screw,Afro-Cuban Jazz,Indie Rock,Eurodance,Synth-pop,Sound Collage,Anison,Kolo
54,Country,Vaporwave,Blues Rock,Punk,Acid Jazz,Theme,Poetry,UK Garage,Big Band,Holiday,Breakbeat,Disco,Educational,Opera,Promotional
55,Ska,Happy Hardcore,Instrumental,Country Blues,Gypsy Jazz,Euro House,Symphonic Rock,Nu Metal,Euro House,Novelty,Latin,Jazz-Funk,Easy Listening,Soul,Jazz-Funk
56,Doo Wop,Eurodance,Punk,Prog Rock,Lounge,Jazzy Hip-Hop,Tango,Crunk,Downtempo,Operetta,Conscious,Memphis Blues,Schlager,Abstract,Funk
57,Jazz-Rock,UK Garage,Eurodance,Comedy,House,Prog Rock,Alternative Rock,Electro House,Schlager,Lounge,Holiday,Lo-Fi,Lo-Fi,Field Recording,Modern Classical
58,Funk,Tribal,Doo Wop,Cumbia,Mambo,Deep House,Celtic,Eurodance,Charanga,Blues Rock,Trip Hop,East Coast Blues,Sound Poetry,Electro,Education
59,Metalcore,Italodance,Hard Rock,Europop,Cha-Cha,Beat,Story,Reggae,Soft Rock,Beat,Techno,Art Rock,Contemporary,Karaoke,Abstract
60,Grunge,Vocal,Hindustani,Luk Thung,Noise,Hard Rock,Video Game Music,Hardcore,Beguine,Country Rock,Ambient,Downtempo,Harsh Noise Wall,Punk,Samba
61,Progressive Metal,Future Jazz,Art Rock,Fusion,New Age,Instrumental,Ballet,Acid Jazz,Jazz-Funk,Industrial,Dub Poetry,Cool Jazz,Classic Rock,Indie Rock,Music Hall
62,Arena Rock,RnB/Swing,Trance,Romani,MPB,Schlager,Electro,Reggaeton,Dance-pop,Music Hall,Gospel,Smooth Jazz,Folk Rock,Speech,Operetta
63,AOR,Glitch,Surf,MPB,Acoustic,Dub,Brass Band,Industrial,Nueva Cancion,Techno,Hard Rock,Bop,Electro,Big Band,Parody
64,Southern Rock,Harsh Noise Wall,K-pop,Classic Rock,Bossanova,Kayōkyoku,Noise,DJ Battle Tool,Polka,Indian Classical,Trance,African,Indie Rock,House,Folk Rock
65,Nu Metal,Indie Pop,Musical,Classical,Art Rock,Country Rock,Education,Soft Rock,Swing,Chiptune,Psychedelic Rock,Stoner Rock,Power Electronics,African,Synth-pop
66,Symphonic Rock,Pop Rap,Lo-Fi,Synth-pop,Afrobeat,AOR,Industrial,IDM,Calypso,Kayōkyoku,Toasting,Surf,Soul,Népzene,Rock & Roll
67,Downtempo,Latin,Glam,Afrobeat,Tango,Reggae-Pop,Disco,Deep House,Andean Music,Light Music,Cumbia,Piedmont Blues,Public Service Announcement,Indie Pop,Dialogue
68,Power Metal,Dub Techno,Italo-Disco,Calypso,African,Garage House,Swing,Indie Pop,Gospel,Acoustic,Leftfield,Mod,Disco,Baroque,Electro
69,Space Rock,Gabber,Hip Hop,Rhythm & Blues,Country,Samba,Indian Classical,Latin,Electro,Radioplay,Breaks,New Wave,Hard Rock,Monolog,Soul
70,Speed Metal,Avantgarde,Music Hall,Spoken Word,Gospel,Breakbeat,Avant-garde Jazz,Big Beat,Bachata,Cool Jazz,Salsa,Ambient,Downtempo,Health-Fitness,Punk
71,House,Breakcore,Reggae-Pop,Neofolk,Musical,Conscious,Volksmusik,Turntablism,Folk Rock,New Wave,Mento,Zydeco,Techno,Mandopop,Renaissance
72,Fusion,Hi NRG,AOR,Samba,Electro,Indie Pop,Fusion,Bounce,Danzon,Pop Rap,Zouk,Ska,Musical,Catalan Music,Alternative Rock
73,Krautrock,Power Electronics,City Pop,Contemporary,Afro-Cuban,Big Band,Folk Rock,Garage House,Compas,Dark Ambient,Samba,Heavy Metal,Prog Rock,Instrumental,Flamenco
74,Post-Hardcore,Acid House,Tango,Contemporary Jazz,Classic Rock,Trip Hop,Twelve-tone,Hard Rock,Conjunto,Smooth Jazz,Indie Pop,Instrumental,Modern Classical,Prog Rock,Educational
75,Europop,Dungeon Synth,MPB,Field Recording,Salsa,Breaks,Educational,Reggae-Pop,Música Criolla,Parody,Abstract,Cajun,Art Rock,Eurodance,Poetry
76,Sludge Metal,Psychedelic Rock,Techno,Cajun,Indie Rock,Ska,Art Rock,Future Jazz,Holiday,Contemporary R&B,Post-Punk,Free Improvisation,Theme,Celtic,Acoustic
77,Mod,Punk,Latin,Bhangra,Spoken Word,Future Jazz,Military,Freestyle,Batucada,Europop,Deep House,Electro,New Wave,Psychedelic Rock,Contemporary Jazz
78,Abstract,Musique Concrète,Rockabilly,Lo-Fi,Bolero,Mod,Classic Rock,Broken Beat,Contemporary Jazz,New Age,Tribal,Abstract,Erotic,Avantgarde,African
79,Schlager,Minimal Techno,Score,Instrumental,Classical,Acoustic,Canzone Napoletana,Lo-Fi,Experimental,Punk,Instrumental,Contemporary R&B,Funk,Kayōkyoku,Neo-Romantic
80,Math Rock,Field Recording,Canzone Napoletana,Novelty,Light Music,Latin,Polka,Progressive House,Latin Pop,Neo-Romantic,Country,Acid Rock,Score,Lo-Fi,Sea Shanties
81,Drone,Chiptune,Electro House,Avantgarde,Modern Classical,Trap,Comedy,Noise,Pop Rap,Heavy Metal,Easy Listening,House,Leftfield,Light Music,House
82,Crust,Freestyle,Leftfield,Tribal,Jazzy Hip-Hop,Salsa,Post Rock,J-pop,Reggae,Surf,Jazz-Funk,Indie Pop,Romantic,Swing,Bolero
83,Darkwave,Nu-Disco,Bubblegum,Hillbilly,Piano Blues,Punk,Flamenco,Glitch,Soul-Jazz,Promotional,Acid Jazz,Bayou Funk,Blues Rock,New Age,Monolog
84,Easy Listening,Post-Punk,Soul-Jazz,Andean Music,Trip Hop,Italo-Disco,Indie Rock,Folk Rock,Ska,RnB/Swing,Gangsta,Europop,Hardcore,Political,Techno
85,Leftfield,Tribal House,Progressive House,House,Psychedelic,Score,Electroacoustic,Acoustic,Acoustic,Cabaret,MPB,Schlager,Grindcore,J-pop,Rumba
86,Britpop,Contemporary R&B,Bolero,Rebetiko,Rumba,Ambient,Speech,Heavy Metal,Garage Rock,Avantgarde,Country Rock,Pub Rock,Nursery Rhymes,Therapy,Rhythm & Blues
87,Ethereal,Big Beat,Volksmusik,Abstract,Modern,Swing,Techno,Miami Bass,Quechua,Latin Jazz,Afro-Cuban,Arena Rock,Heavy Metal,Interview,Gypsy Jazz
88,Melodic Death Metal,Acid Jazz,Smooth Jazz,Romantic,Novelty,Minneapolis Sound,IDM,Jazz-Funk,Copla,Religious,Prog Rock,Psychedelic,House,RnB/Swing,Drone
89,Gothic Metal,Berlin-School,Enka,Electro,Jazzdance,Leftfield,Soft Rock,Chanson,Psychedelic,Bossa Nova,Fusion,Latin Jazz,Modern,Music Hall,Avantgarde
90,Goregrind,Lo-Fi,Romantic,Swing,Dub,Bossa Nova,Neofolk,New Wave,Pasodoble,Space-Age,Neo Soul,Noise,Choral,Contemporary Jazz,
91,Psychobilly,Folk,Classical,Raï,Deep House,Swingbeat,House,Vaporwave,Blues Rock,Dance-pop,Highlife,Neo Soul,Rhythmic Noise,New Wave,
92,Symphonic Metal,Soft Rock,Pop Punk,Poetry,Leftfield,Bayou Funk,Promotional,Funk Metal,Classic Rock,Monolog,Boogie,Spoken Word,Soft Rock,Polka,
93,Parody,Post Rock,Trip Hop,Afro-Cuban,Hip Hop,Religious,Free Jazz,African,Lambada,Breakbeat,Soul-Jazz,Theme,Glitch,Blues Rock,
94,Atmospheric Black Metal,Broken Beat,Ska,Marches,Contemporary R&B,Free Funk,Darkwave,Ragga,Rhythm & Blues,Minimal,Electro House,Score,Medical,Techno,
95,Dark Ambient,Art Rock,Shoegaze,Brass Band,Neo Soul,Afro-Cuban,Psychedelic Rock,K-pop,Instrumental,Poetry,Merengue,Reggae,Free Jazz,Beat,
96,Holiday,Prog Rock,Mod,Chinese Classical,Punk,Gangsta,Nordic,Folk,Country,Synthwave,UK Garage,Pop Rap,Big Band,Country Rock,
97,Pop Rap,Instrumental,Contemporary Jazz,Séga,New Wave,Hi NRG,Country,Gospel,RnB/Swing,Jazz-Rock,Power Pop,Glam,Avant-garde Jazz,Rhythm & Blues,
98,J-pop,Chanson,Lounge,Min'yō,Romantic,Surf,Soul,Britcore,Baião,Gospel,Hip-House,Honky Tonk,IDM,Garage Rock,
99,Lounge,Chillwave,Spoken Word,Parody,Pacific,J-pop,Chinese Classical,Tech House,Axé,Art Rock,Cut-up/DJ,Power Pop,Marches,Neo-Classical,
100,Dream Pop,Goth Rock,Contemporary,Theme,Broken Beat,Nu-Disco,Novelty,Soul-Jazz,Choro,Leftfield,Chutney,Twist,Contemporary Jazz,Classic Rock,
101,Melodic Hardcore,Goa Trance,Samba,Western Swing,Hard Rock,Techno,Smooth Jazz,Ska,Plena,Carnatic,Heavy Metal,AOR,Military,Italo-Disco,
102,Funk Metal,Black Metal,Hi NRG,Art Rock,Comedy,Freestyle,Political,Kwaito,Religious,Tamil Film Music,Progressive House,Hard Bop,Electroacoustic,Nordic,
103,Dub,Hip-House,African,Reggae,Boogie Woogie,Abstract,Rock & Roll,Rock & Roll,Gangsta,Tango,Grime,Novelty,Volksmusik,Reggae,
104,Neofolk,Euro-Disco,Euro-Disco,Ranchera,Jump Blues,Broken Beat,Cool Jazz,Blues Rock,Huayno,Fusion,Industrial,RnB/Swing,African,Samba,
105,Modern Classical,Krautrock,Jazz-Funk,Klezmer,Beat,Glam,Leftfield,Jungle,Afrobeat,Baroque,Italodance,Comedy,Swing,Downtempo,
106,Instrumental,Deep Techno,Dream Pop,Free Improvisation,Krautrock,Lounge,Ethereal,Phonk,Samba-Canção,Psychedelic,Trap,Parody,Baroque,Art Rock,
107,Deathcore,Trap,Abstract,Latin Jazz,Neo-Classical,Electric Blues,Music Hall,Spoken Word,Soukous,Hip Hop,Art Rock,Hip Hop,Rhythm & Blues,Ska,
108,Euro House,Score,Latin Jazz,Aboriginal,Drone,Art Rock,Public Broadcast,Contemporary Jazz,Prog Rock,Interview,Big Beat,Field Recording,Garage Rock,Hard Rock,
109,Gospel,Bass Music,Laïkó,Modern Classical,Country Rock,Drum n Bass,Serial,Classic Rock,Theme,Gangsta,Latin Jazz,Free Jazz,Hip Hop,Hip Hop,
110,Acid Rock,Acoustic,Post-Punk,Cha-Cha,Post Rock,Trance,Interview,Comedy,Nueva Trova,Symphonic Rock,Schlager,Lounge,Country Rock,Latin,
111,Techno,Rhythmic Noise,Rumba,Salsa,Flamenco,Cumbia,Dungeon Synth,Go-Go,Hip Hop,Trance,Bass Music,Classical,Black Metal,Minimal,
112,Dance-pop,Contemporary,Avantgarde,Dub,Latin,Boogaloo,Heavy Metal,Chillwave,Jazz-Rock,Audiobook,Avantgarde,Swamp Pop,Europop,Surf,
113,Folk Metal,Folk Rock,Twist,Drone,Ska,Calypso,Hard Rock,Country Rock,Trova,Trip Hop,Garage House,Religious,Post-Punk,Movie Effects,
114,Minimal,Grime,Karaoke,Psychedelic,Minimal,Rockabilly,Dialogue,Fusion,Indie Rock,Drum n Bass,Dub Techno,Bossa Nova,Opera,Noise,
115,RnB/Swing,Tech Trance,Flamenco,Political,Poetry,Bossanova,Europop,Emo,Eurodance,Samba,Italo-Disco,Public Broadcast,Beat,Bluegrass,
116,Twist,Free Improvisation,Reggae,Nueva Cancion,Europop,Eurodance,Jazz-Rock,Boogie,Smooth Jazz,Marches,Garage Rock,Trip Hop,Pop Rap,Power Pop,
117,Free Improvisation,Hard Techno,Bossa Nova,Carnatic,Religious,Novelty,Indie Pop,Afrobeat,Romantic,Ragtime,Jazzy Hip-Hop,Interview,Post Rock,Cool Jazz,
118,J-Rock,J-pop,Alt-Pop,Garage Rock,RnB/Swing,Cut-up/DJ,Anison,Country,Techno,Special Effects,Rockabilly,Post-Punk,Dub,Contemporary R&B,
119,Noisecore,Shoegaze,Cha-Cha,Pasodoble,Drum n Bass,Jazzdance,Latin Jazz,Acid House,Gaita,Dixieland,Surf,Space Rock,Goregrind,Heavy Metal,
120,Hip Hop,Speedcore,Anison,Score,Music Hall,Highlife,New Wave,Hyphy,Classical,Breaks,J-pop,Post Bop,Trip Hop,Leftfield,
121,Trip Hop,Eurobeat,Yé-Yé,Catalan Music,Parody,Spoken Word,Ragtime,Parody,Reggae-Pop,Choral,Contemporary Jazz,Post Rock,Noisecore,Brass Band,
122,Post-Metal,Easy Listening,Arena Rock,Southern Rock,Breakbeat,UK Garage,Technical,Drill,Musette,Field Recording,Glam,Industrial,Music Hall,Tango,
123,Novelty,Boogie,Cantopop,Merengue,Indie Pop,Cool Jazz,Jazz-Funk,Favela Funk,Dub,Arena Rock,Psychedelic,Calypso,Tribal,Pop Punk,
124,Electric Blues,Sound Collage,New Age,Appalachian Music,Industrial,Southern Rock,Trance,Holiday,Surf,Glam,Parody,Dance-pop,Breakbeat,Video Game Music,
125,Psychedelic,Neofolk,Fusion,Népzene,Surf,Progressive House,Radioplay,Britpop,Ambient,Movie Effects,Future Jazz,Musical,Breakcore,Éntekhno,
126,Theme,Makina,Jazz-Rock,Musical,Techno,Dancehall,Audiobook,Hiplife,Punk,MPB,Rumba,Celtic,Vaporwave,Dixieland,
127,Reggae,Spoken Word,Britpop,Modern,Reggae,UK Street Soul,Funk,Psychedelic Rock,Zouk,Rockabilly,Cha-Cha,Avant-garde Jazz,Surf,Reggae-Pop,
128,Jazz-Funk,Freetekno,Space-Age,Hard Rock,Country Blues,Hip-House,J-pop,Ghetto,Chamamé,Zarzuela,Séga,Western Swing,Jazz-Funk,Modern Classical,
129,Spoken Word,Witch House,Russian Pop,Big Band,Calypso,Piano Blues,Hindustani,P.Funk,Space-Age,Educational,Beat,Tango,Neo-Classical,Calypso,
130,Coldwave,Fusion,Deep House,Dance-pop,Rockabilly,Go-Go,African,Italodance,Twist,Drone,Swing,Contemporary,Darkwave,Cumbia,
131,Interview,Rhythm & Blues,Modern Classical,Compas,Descarga,Electro House,Parody,Witch House,Joropo,Éntekhno,Pop Punk,Jug Band,Krautrock,Free Improvisation,
132,Score,Schlager,Bossanova,Medieval,Field Recording,Funk Metal,Goth Rock,Avantgarde,Hard Rock,Garage Rock,Theme,Afrobeat,Acid,Happy Hardcore,
133,Viking Metal,Hands Up,Breakbeat,Bossanova,Guaguancó,Vaporwave,Sound Art,Breakcore,Deep House,Bossanova,Novelty,Hillbilly,Thrash,Psychedelic,
134,Trance,Jazzdance,Polka,Sea Shanties,Breaks,Afro-Cuban Jazz,Glitch,Happy Hardcore,Zamba,Bhangra,Smooth Jazz,Grunge,Fusion,Impressionist,
135,No Wave,Reggae-Pop,Hokkien Pop,Copla,Doo Wop,Chicago Blues,Space-Age,Psychedelic,New Wave,Indie Pop,Axé,Poetry,Neofolk,Military,
136,Religious,Ethereal,Symphonic Rock,Zydeco,Baroque,Big Beat,Blues Rock,Tribal,Future Jazz,Euro House,Nu Metal,Samba,Indie Pop,Lambada,
137,Breakbeat,Contemporary Jazz,Boogie,Soca,Musique Concrète,Power Pop,Samba,Acid,Contemporary R&B,Nursery Rhymes,Jazz-Rock,Symphonic Rock,Jazz-Rock,Italodance,
138,Pub Rock,Jazz-Funk,Dub,Jazz-Rock,Lo-Fi,Avantgarde,Monolog,Minimal,Trance,Vaudeville,Minimal,Psychobilly,Conscious,Jazz-Funk,
139,EBM,Hard Rock,Italodance,Noise,Mod,Ragga HipHop,Soul-Jazz,Novelty,Chacarera,Noise,Broken Beat,Hill Country Blues,Trance,Trance,
140,Synthwave,Theme,Salsa,Bakersfield Sound,Brass Band,Bubblegum,Special Effects,Chiptune,Score,J-Rock,Pacific,Krautrock,Drum n Bass,Freestyle,
141,Contemporary R&B,Heavy Metal,Drum n Bass,Mariachi,Conscious,Bolero,Trip Hop,Jazzdance,Contemporary,Political,Funk Metal,Skiffle,Instrumental,Jazz-Rock,
142,Industrial Metal,Reggae,Neo Soul,Jazz-Funk,IDM,Twist,Drum n Bass,Pop Punk,Dancehall,Doo Wop,Hardcore Hip-Hop,MPB,Chiptune,Twist,
143,Contemporary Jazz,Space Rock,Romani,Beguine,Twist,Musical,Rhythm & Blues,Hi NRG,Marimba,Laïkó,Hi NRG,Techno,Cabaret,Neo-Romantic,
144,Alternative Metal,Neo-Classical,Choral,Opera,Cubano,Cha-Cha,Nursery Rhymes,Dark Ambient,Indie Pop,African,IDM,Reggae-Pop,Rockabilly,Sea Shanties,
145,Depressive Black Metal,New Beat,Levenslied,Neo-Classical,Pop Rap,Rumba,Black Metal,Schlager,Timba,Bop,Thug Rap,Doom Metal,Freestyle,Breakbeat,
146,Comedy,Electroacoustic,Psychedelic,Huayno,Boogie,Roots Reggae,MPB,Juke,Freestyle,Ballet,Bolero,Boogie,Dance-pop,Horror Rock,
147,Yé-Yé,Video Game Music,Trap,Beat,AOR,Soca,Éntekhno,Art Rock,Sertanejo,Musique Concrète,Compas,Neofolk,Celtic,Musique Concrète,
148,Drum n Bass,Italo House,Latin Pop,Liscio,Boogaloo,G-Funk,Bossa Nova,Theme,Cool Jazz,Big Beat,Freestyle,Mambo,Medieval,Sound Poetry,
149,IDM,Classic Rock,Post Rock,Light Music,Merengue,Boom Bap,Bolero,Garage Rock,Banda,Mandopop,Bossanova,Appalachian Music,Cut-up/DJ,Technical,
150,Reggae-Pop,Jumpstyle,Promotional,Ethereal,Garage Rock,Bass Music,Persian Classical,Grunge,Electro House,Tribal,Mod,Bolero,Doom Metal,,
151,Country Blues,Rock & Roll,Heavy Metal,Bossa Nova,Electric Blues,Comedy,Sound Collage,Hard Trance,Trip Hop,Post Rock,Post Rock,Conscious,J-pop,,
152,Power Violence,Speed Garage,Industrial,Quechua,Promotional,Heavy Metal,Therapy,Swingbeat,Comedy,Reggae-Pop,Hindustani,Cha-Cha,Death Metal,,
153,MPB,Grindcore,Synthwave,Cretan,City Pop,Free Jazz,Punk,Easy Listening,Lounge,Karaoke,Oi,Flamenco,No Wave,,
154,Noise Rock,African,Cumbia,Ska,J-pop,Country Blues,Breakbeat,Synthwave,Boogie,Celtic,Britpop,Romantic,Cool Jazz,,
155,Technical Death Metal,Illbient,Freestyle,Mambo,Exotica,Post-Punk,Tribal,Illbient,Jibaro,IDM,Tech House,Leftfield,Ethereal,,
156,Groove Metal,Conscious,Minimal,New Wave,Space Rock,Tech House,Romani,Sound Collage,Tribal,Cha-Cha,Arena Rock,Afro-Cuban Jazz,Goth Rock,,
157,Celtic,Bassline,Noise,Forró,Math Rock,Rocksteady,Lo-Fi,Beatbox,Soca,Speech,Noise,Gypsy Jazz,Occult,,
158,Swing,Smooth Jazz,Interview,Kayōkyoku,Dark Ambient,Lo-Fi,Dance-pop,Hard House,Acid Jazz,Italo-Disco,Afro-Cuban Jazz,Hardcore,Bluegrass,,
159,Soul-Jazz,Dancehall,Ethno-pop,Leftfield,Dance-pop,Lovers Rock,Dixieland,Post-Punk,Light Music,Free Improvisation,Big Band,Breakbeat,Glam,,
160,Free Jazz,Doom Metal,Celtic,Gypsy Jazz,Heavy Metal,Space-Age,Lounge,Post Rock,Fado,Power Pop,Bossa Nova,Euro House,Light Music,,
161,New Age,Neo Soul,IDM,Son,Son,Parody,Dubstep,Smooth Jazz,Italodance,Flamenco,Lo-Fi,Drone,Anison,,
162,Deathrock,Donk,J-Rock,Nursery Rhymes,Bluegrass,Modern Electric Blues,Chiptune,Power Pop,Country Rock,Reggae,Pachanga,Acid Jazz,Illbient,,
163,Bluegrass,Coldwave,Pacific,Ghazal,Free Funk,Mambo,Rumba,Italo-Disco,Guarania,Nu Metal,Boom Bap,Rumba,Dixieland,,
164,Contemporary,Soul-Jazz,Tech House,Baroque,Dark Jazz,Louisiana Blues,Hip Hop,Tribal House,Breakbeat,Bolero,Mambo,New Age,Arena Rock,,
165,Kayōkyoku,Free Jazz,Cool Jazz,Guaracha,Cape Jazz,Industrial,Andalusian Classical,Score,Trap,Latin,Acid,Minimal,Post-Modern,,
166,Horror Rock,Cut-up/DJ,Neo-Classical,Gamelan,Beguine,Arena Rock,Dub,Thrash,Marcha Carnavalesca,Post-Modern,Spoken Word,Latin,Euro House,,
167,Neo-Classical,Classical,Ragtime,Dark Ambient,Polka,Thug Rap,Hardcore,Progressive Trance,Milonga,Avant-garde Jazz,Breakcore,Goth Rock,EBM,,
168,Big Band,Juke,Story,Latin,Hawaiian,Britpop,Breaks,Salsa,Hip-House,Darkwave,Acid House,Bossanova,Space Rock,,
169,Breaks,Avant-garde Jazz,Ethereal,Space-Age,Tribal,Dubstep,Sermon,Modern Classical,Drum n Bass,Mambo,Happy Hardcore,Modern Classical,Brass Band,,
170,Latin,Blues Rock,Hip-House,Military,Marches,Acid House,Pop Rap,Arena Rock,Bomba,Military,Flamenco,Modern,Country Blues,,
171,Eurodance,Lounge,New Jack Swing,Kolo,Post-Punk,Zouk,Doom Metal,Drone,Italo-Disco,Hi NRG,Doo Wop,Future Jazz,Broken Beat,,
172,Big Beat,Holiday,Indo-Pop,Mizrahi,Kayōkyoku,Jump Blues,Cha-Cha,Bhangra,Tribal House,Brass Band,Comedy,J-pop,Indian Classical,,
173,Musical,Jazzy Hip-Hop,Darkwave,Surf,Chicago Blues,Euro-Disco,Breakcore,Nu-Disco,Canzone Napoletana,Education,Soukous,Afro-Cuban,Psychedelic,,
174,Avant-garde Jazz,Parody,Poetry,Ottoman Classical,Dialogue,K-pop,Gagaku,Roots Reggae,Modern,Conscious,New Jack Swing,Modal,Grunge,,
175,Bubblegum,Dream Pop,Mambo,Persian Classical,Education,Hardcore Hip-Hop,Occitan,Swing,Progressive House,Dub,Jazzdance,Drum n Bass,RnB/Swing,,
176,Dungeon Synth,Glam,Jangle Pop,Techno,Louisiana Blues,Guaguancó,Country Rock,Prog Rock,Rockabilly,Ska,Euro-Disco,Jazzy Hip-Hop,Breaks,,
177,Public Broadcast,Afrobeat,Opera,Post Rock,Symphonic Rock,Bollywood,Future Jazz,Glitch Hop,Parody,Free Jazz,Tribal House,Dialogue,Video Game Music,,
178,Jangle Pop,Psychedelic,Calypso,Euro House,Klezmer,Avant-garde Jazz,Gypsy Jazz,Merengue,Candombe,Mod,New Age,Kayōkyoku,Shoegaze,,
179,Funeral Doom Metal,Kayōkyoku,Modern,Industrial,Vaporwave,Interview,Catalan Music,Cumbia,Avantgarde,Ghazal,Junkanoo,Education,Power Pop,,
180,Classical,Power Pop,Reggaeton,Soul-Jazz,Interview,Tribal,Post Bop,Interview,Jazzdance,Rumba,Rapso,Light Music,Hindustani,,
181,Smooth Jazz,Disco Polo,Breaks,Chamamé,Guaracha,Mandopop,Modal,Samba,Marches,Hard Bop,Batucada,Thrash,Smooth Jazz,,
182,African,Sound Art,Dixieland,Zamba,Euro House,Dialogue,Synthwave,Shoegaze,Breaks,Future Jazz,Beguine,Brass Band,Soul-Jazz,,
183,Latin Jazz,Garage Rock,Marches,Pop Rap,Nordic,New Age,Bop,Poetry,Musical,Chinese Classical,Raï,Shoegaze,Gangsta,,
184,City Pop,New Jack Swing,Garage House,Hip Hop,Cumbia,Contemporary,Symphonic Metal,Darkwave,Conscious,Hardcore,AOR,Free Funk,Contemporary R&B,,
185,Pornogrind,Jazz-Rock,UK Garage,Musette,Trance,Flamenco,Beat,Video Game Music,Poetry,Krautrock,Bubbling,Polka,Polka,,
186,Italo-Disco,Electroclash,Nursery Rhymes,Minimal,Hardcore,Tribal House,Klezmer,Tropical House,Aguinaldo,Berlin-School,Interview,Space-Age,Synthwave,,
187,Chiptune,Tropical House,Acid Jazz,Enka,Celtic,Light Music,RnB/Swing,Bassline,Favela Funk,Bluegrass,Contemporary,Trance,Lounge,,
188,Modern Electric Blues,Symphonic Rock,Public Broadcast,Story,Boom Bap,Krautrock,Rhythmic Noise,EBM,Kayōkyoku,Lo-Fi,Chiptune,Stride,Aboriginal,,
189,Progressive House,Ska,Dubstep,Trip Hop,Indian Classical,Acid Rock,Euro House,Euro-Disco,Novelty,Public Broadcast,Modern Classical,Ethereal,Space-Age,,
190,Tribal,Ghetto,Dialogue,Bengali Music,No Wave,Free Improvisation,Sephardic,Afro-Cuban,Art Rock,Progressive House,Tropical House,Funk Metal,Tango,,
191,Cumbia,Country Rock,Emo,Corrido,Neo-Romantic,Synthwave,Krautrock,Rhythmic Noise,Broken Beat,Thug Rap,Score,Deep House,Nordic,,
192,Dubstep,Ragga HipHop,Hawaiian,Education,Honky Tonk,Classical,Ottoman Classical,Avant-garde Jazz,Leftfield,Pop Punk,Aboriginal,Music Hall,Future Jazz,,
193,Chicago Blues,Ragga,Éntekhno,Smooth Jazz,Opera,Yé-Yé,Bossanova,New Age,Spoken Word,AOR,Space Rock,Spirituals,Ska,,
194,Hardcore Hip-Hop,Death Metal,Nu-Disco,Avant-garde Jazz,Electroacoustic,Modern Classical,Choro,Free Jazz,New Age,New Jack Swing,Bhangra,Neo-Classical,Gabber,,
195,Conscious,K-pop,Goth Rock,Chacarera,Delta Blues,Descarga,Spirituals,Metalcore,Abstract,Minneapolis Sound,Grunge,Black Metal,Bop,,
196,Samba,Progressive Breaks,Minneapolis Sound,Lounge,Cut-up/DJ,IDM,Bluegrass,MPB,Bambuco,Britpop,Thrash,Britpop,Reggae,,
197,Electro House,Country,Operetta,Ethno-pop,Shidaiqu,Space Rock,Contemporary R&B,Jazz-Rock,Champeta,Grunge,Hawaiian,Pop Punk,Vaudeville,,
198,Musique Concrète,Halftime,Educational,Basque Music,Choral,Symphonic Rock,Népzene,Glam,Highlife,Twist,UK Street Soul,Dark Ambient,Tech House,,
199,Field Recording,City Pop,Hardcore,Mo Lam,Stride,Modal,Chillwave,Lounge,Thug Rap,Sound Collage,Lounge,Salsa,Deep House,,
200,Swamp Pop,Britpop,Chillwave,Educational,Progressive Metal,Merengue,Sound Poetry,Big Band,Ragga,Medieval,Cool Jazz,Rocksteady,DJ Battle Tool,,
201,Poetry,Novelty,Merengue,Sertanejo,Big Beat,Hard Bop,Shoegaze,Latin Jazz,Cuatro,Post-Punk,Stoner Rock,Cumbia,Doo Wop,,
202,Power Electronics,Nu Metal,Big Beat,AOR,Canzone Napoletana,Bop,Deep House,Hyperpop,Carimbó,Canzone Napoletana,Tango,IDM,Symphonic Rock,,
203,Breakcore,Comedy,Happy Hardcore,Free Jazz,Neofolk,Pop Punk,Progressive House,Death Metal,Doo Wop,Salsa,Lambada,Political,Renaissance,,
204,Texas Blues,Footwork,Dancehall,Cubano,Video Game Music,Sermon,Gamelan,Cool Jazz,Gypsy Jazz,Shidaiqu,Glitch,Breaks,Dubstep,,
205,Afrobeat,Gangsta,Ryūkōka,Ragtime,Guajira,Italodance,Mambo,Alt-Pop,Ragga HipHop,Copla,Celtic,Gangsta,Speedcore,,
206,Glitch,Poetry,Bhangra,Reggae-Pop,Mariachi,Hardcore,Carnatic,Bubblegum,Bass Music,Acid Rock,Religious,Pacific,Ragtime,,
207,Alt-Pop,Therapy,Ranchera,Dangdut,Modern Electric Blues,Hindustani,Progressive Metal,Grindcore,Seresta,Acid Jazz,Son,Big Beat,Samba,,
208,Bossa Nova,Modern,Southern Rock,Música Criolla,Reggae-Pop,Post Bop,Psychedelic,Baltimore Club,Dixieland,Calypso,Bounce,Eurodance,Pacific,,
209,Flamenco,Industrial Metal,Musette,Chutney,Post-Modern,Choral,Death Metal,Religious,Caipira,Bengali Music,Boogaloo,Opera,MPB,,
210,Skiffle,Balearic,Barbershop,Dixieland,Bayou Funk,,Latin,AOR,Neo Soul,Impressionist,,Éntekhno,Flamenco,,
211,Dialogue,J-Core,Nordic,Dialogue,Hindustani,,Electro House,Mandopop,G-Funk,Goth Rock,,Nordic,Acid Jazz,,
212,Video Game Music,Mandopop,Eurobeat,Power Pop,Southern Rock,,Post-Punk,Black Metal,Tech House,Modal,,Roots Reggae,Dungeon Synth,,
213,Cha-Cha,Latin Jazz,Mariachi,Krautrock,Ethereal,,EBM,Goth Rock,Sonero,Polka,,Speech,Kayōkyoku,,
214,Tech House,Reggaeton,Conscious,Spirituals,Glitch,,Pacific,Hardstyle,AOR,Rock Opera,,Death Metal,Emo,,
215,Honky Tonk,Gospel,Political,Qawwali,Technical,,Movie Effects,Free Improvisation,Educational,Volksmusik,,Volksmusik,Acid Rock,,
216,Unblack Metal,Doomcore,Krautrock,Trance,Chillwave,,Thrash,New Beat,Bop,Country Blues,,Swingbeat,Stoner Rock,,
217,Future Jazz,Schranz,Afrobeat,Tamil Film Music,Freestyle,,Arena Rock,Dialogue,Opera,Eurodance,,Cut-up/DJ,Jungle,,
218,Bossanova,AOR,Tropical House,Delta Blues,Western Swing,,Power Electronics,Bossa Nova,City Pop,Post Bop,,Erotic,Electric Blues,,
219,Neo Soul,Ghetto House,Tribal House,Luk Krung,Choro,,Broken Beat,Gabber,Roots Reggae,Qawwali,,Darkwave,Berlin-School,,
220,Anison,Glitch Hop,Progressive Trance,Black Metal,Special Effects,,Fado,Musique Concrète,Liscio,City Pop,,Hawaiian,Britpop,,
221,Gangsta,Bubblegum,Chiptune,Promotional,Grindcore,,Big Beat,Contemporary,Heavy Metal,Boogie,,Highlife,Latin Jazz,,
222,Acid Jazz,Dark Electro,Video Game Music,Contemporary R&B,Anison,,Acid,Surf,Pacific,Ethereal,,Freestyle,Jazzy Hip-Hop,,
223,Hi NRG,Bleep,Space Rock,Renaissance,Pachanga,,Aboriginal,Eurobeat,Hardcore,Dubstep,,Emo,Big Beat,,
224,Berlin-School,Boom Bap,Future Jazz,Afro-Cuban Jazz,Batucada,,Reggae,Beat,Brass Band,Bubblegum,,Baroque,Trap,,
225,Bolero,Samba,Hard Trance,RnB/Swing,Son Montuno,,Surf,Flamenco,Free Jazz,Electro House,,Electro House,Nu Metal,,
226,Harmonica Blues,Interview,Neofolk,Nhạc Vàng,Public Broadcast,,Bollywood,Footwork,Avant-garde Jazz,Sound Art,,Sermon,Southern Rock,,
227,Mandopop,Roots Reggae,Beguine,Vallenato,Radioplay,,Tech House,Free Funk,Steel Band,Afro-Cuban Jazz,,Boom Bap,Neo-Romantic,,
228,Blackgaze,Cumbia,Afro-Cuban,Heavy Metal,Sound Collage,,Acid Jazz,Rockabilly,Morna,Technical,,Conjunto,Dub Techno,,
229,Deep House,No Wave,Monolog,Gusle,Sound Art,,Gothic Metal,Zouk,Yé-Yé,Electric Blues,,New Jack Swing,Chillwave,,
230,NDW,Noisecore,Grunge,Electric Blues,Rocksteady,,Min'yō,Soca,Tropical House,Roots Reggae,,P.Funk,Post Bop,,
231,Group Sounds,Bossa Nova,Radioplay,Breakbeat,Bollywood,,Illbient,UK Street Soul,Jazzy Hip-Hop,Space Rock,,Yé-Yé,Thug Rap,,
232,Rock Opera,Arena Rock,Brass Band,Mandopop,Chiptune,,Afro-Cuban,Field Recording,Garage House,Southern Rock,,Indian Classical,AOR,,
233,Boogie,Swing,Country Blues,Doo Wop,Political,,Pasodoble,Dub Techno,Hardcore Hip-Hop,Afrobeat,,Tejano,Sludge Metal,,
234,Rhythmic Noise,Hyperpop,Sunshine Pop,Kaseko,Romani,,Berlin-School,Raï,Frevo,Mariachi,,Acid,Eurodance,,
235,Baroque Pop,Medieval,Bluegrass,Deep House,Acid Rock,,Happy Hardcore,Ethereal,Free Improvisation,Pacific,,Cantopop,Impressionist,,
236,Crossover thrash,Salsa,Gangsta,Karaoke,Glam,,Piano Blues,Cubano,Field Recording,Thrash,,Griot,Break-In,,
237,Salsa,Pop Punk,Tribal,Occitan,Garage House,,Mariachi,Speed Garage,Big Beat,Neo Soul,,Musique Concrète,Pop Punk,,
238,K-Rock,Emo,Vaporwave,Drum n Bass,Highlife,,Pipe & Drum,Ghettotech,Promotional,Acid,,Thug Rap,Witch House,,
239,Rumba,Space-Age,EBM,Music Hall,Black Metal,,Space Rock,Southern Rock,Villancicos,Chillwave,,,Acid House,,
240,Tango,Atmospheric Black Metal,Glitch,Keroncong,,,,Latin Pop,Political,Freestyle,,,Latin,,
241,Freestyle,Celtic,Baroque Pop,Boogie,,,,Stoner Rock,Euro-Disco,Happy Hardcore,,,Operetta,,
242,Trap,Bossanova,Ragga HipHop,Interview,,,,Rumba,Hi NRG,Shoegaze,,,Batucada,,
243,Acid,Plunderphonics,Piano Blues,Porro,,,,Bossanova,Kaseko,Progressive Trance,,,Early,,
244,Harsh Noise Wall,Goregrind,Dark Ambient,Eurodance,,,,Low Bap,J-pop,Tech House,,,Bass Music,,
245,Modern,Thrash,Acid House,Post-Punk,,,,Beatdown,Baroque,Cantopop,,,Delta Blues,,
246,Louisiana Blues,Religious,Baroque,Andalusian Classical,,,,Classical,Laïkó,Funk Metal,,,Hardcore Hip-Hop,,
247,Acid House,Hardcore Hip-Hop,Bop,Guarania,,,,Electric Blues,Bubblegum,African,,,Plunderphonics,,
248,Afro-Cuban,Cloud Rap,Bass Music,Steel Band,,,,Electroclash,Modal,Ragga,,,Salsa,,
249,Cajun,Math Rock,Hard House,Morna,,,,Italo House,Modern Classical,K-pop,,,Bossa Nova,,
250,Rocksteady,Flamenco,Hyperpop,Folk Metal,,,,Political,Celtic,Folk,,,Progressive House,,
251,Piano Blues,Cantopop,Exotica,Baião,,,,Speedcore,Exotica,Gospel,,,Roots Reggae,,
252,Minneapolis Sound,Special Effects,Neo-Romantic,Shoegaze,,,,Afro-Cuban Jazz,Romani,Britcore,,,Crust,,
253,Light Music,Alt-Pop,Fado,Italo-Disco,,,,Brass Band,Music Hall,Tech House,,,Reggae-Pop,,
254,Sound Collage,Future House,Jazzdance,Pachanga,,,,Power Electronics,Catalan Music,Soul-Jazz,,,Happy Hardcore,,
255,Space-Age,Anison,Nhạc Vàng,Acid Rock,,,,Space-Age,Post-Punk,Ska,,,Karaoke,,
256,Jump Blues,Big Band,Nu Metal,Exotica,,,,Space Rock,Zarzuela,Jungle,,,Math Rock,,
257,Boogie Woogie,Metalcore,Acid Rock,Batucada,,,,Celtic,Aboriginal,Phonk,,,Rumba,,
258,Promotional,Neo Trance,Drone,IDM,,,,Ghetto House,Choral,Spoken Word,,,Cha-Cha,,
259,Calypso,Rumba,Pub Rock,J-pop,,,,Krautrock,Lo-Fi,Classical,,,Minimal Techno,,
260,Hillbilly,Thug Rap,Catalan Music,Norteño,,,,Symphonic Rock,Ragtime,Metalcore,,,Népzene,,
261,Cool Jazz,Post-Modern,Military,Maloya,,,,Jersey Club,Go-Go,Ghetto,,,Afrobeat,,
262,Happy Hardcore,Ghettotech,Speech,Nueva Trova,,,,Ethno-pop,Neo-Classical,P.Funk,,,Psy-Trance,,
263,Éntekhno,Merengue,Jazzy Hip-Hop,Darkwave,,,,Skweee,Mod,Italodance,,,Turntablism,,
264,Cut-up/DJ,Grunge,NDW,Cool Jazz,,,,Alternative Metal,Dubstep,Witch House,,,Italo-Disco,,
265,Ragga HipHop,Beatdown,Swingbeat,Jota,,,,Post-Hardcore,Interview,Avantgarde,,,Nueva Cancion,,
266,Sunshine Pop,Surf,Field Recording,Operetta,,,,Musical,Post Bop,Breakcore,,,Calypso,,
267,Chillwave,P.Funk,Cubano,Conscious,,,,Neofolk,Cut-up/DJ,Happy Hardcore,,,Modal,,
268,Delta Blues,Swingbeat,Group Sounds,Sephardic,,,,Anison,Arena Rock,Psychedelic,,,Éntekhno,,
269,Slowcore,Future Bass,Ragga,Dancehall,,,,Special Effects,Operetta,Tribal,,,Boom Bap,,
270,Italodance,Stoner Rock,Electroclash,Izvorna,,,,Dream Pop,Symphonic Rock,Acid,,,,,
271,UK Garage,MPB,Bachata,Speech,,,,Pacific,Rocksteady,Minimal,,,,,
272,Progressive Trance,Kwaito,Mizrahi,Tejano,,,,Speech,Hard Bop,Novelty,,,,,
273,Medieval,Screw,Raï,Overtone Singing,,,,Math Rock,UK Garage,Chiptune,,,,,
274,Euro-Disco,Dialogue,Education,Salegy,,,,Promotional,Pop Punk,Jazzdance,,,,,
275,Political,DJ Battle Tool,Electric Blues,Future Jazz,,,,Rocksteady,Story,Pop Punk,,,,,
276,Speech,Canzone Napoletana,Skiffle,Galician Traditional,,,,Bluegrass,Glam,Hi NRG,,,,,
277,Mambo,Romantic,Séga,Monolog,,,,Laïkó,Education,Dark Ambient,,,,,
278,Garage House,UK Funky,Cabaret,Skiffle,,,,Halftime,Power Pop,Schlager,,,,,
279,Hip-House,Cool Jazz,Broken Beat,Texas Blues,,,,Doom Metal,Hard House,Juke,,,,,
280,Opera,Military,Cut-up/DJ,Griot,,,,Future Bass,Klezmer,Art Rock,,,,,
281,Electroclash,Baroque,Acid,Louisiana Blues,,,,Hands Up,Hawaiian,Theme,,,,,
282,Romantic,Radioplay,Free Improvisation,Caipira,,,,Plunderphonics,Jota,Garage Rock,,,,,
283,Free Funk,Rockabilly,Honky Tonk,Milonga,,,,Mambo,Free Funk,Grunge,,,,,
284,Radioplay,Funk Metal,Thug Rap,Goth Rock,,,,Bachata,Industrial,Hard Trance,,,,,
285,Vaporwave,NDW,Nueva Cancion,Hardcore,,,,Batucada,Ethno-pop,Swingbeat,,,,,
286,Dancehall,Bhangra,Lambada,Villancicos,,,,Dungeon Synth,Monolog,Easy Listening,,,,,
287,Polka,Afro-Cuban,Boogie Woogie,Dungeon Synth,,,,Doo Wop,Nu Metal,Synthwave,,,,,
288,Gabber,Post-Hardcore,Disco Polo,Public Broadcast,,,,Modern,Acid Rock,Illbient,,,,,
289,P.Funk,Speech,Min'yō,Phleng Phuea Chiwit,,,,Industrial Metal,Nu-Disco,Sound Collage,,,,,
290,Nordic,Baltimore Club,Sea Shanties,Dream Pop,,,,Psy-Trance,,Beatbox,,,,,
291,Mathcore,Miami Bass,Tejano,Symphonic Rock,,,,Radioplay,,Hard House,,,,,
292,Speedcore,Musical,Shidaiqu,Breaks,,,,Moombahton,,Post-Punk,,,,,
293,Roots Reggae,Electro Swing,Hands Up,Conjunto,,,,Speed Metal,,Post Rock,,,,,
294,Dixieland,Sound Poetry,Math Rock,Musique Concrète,,,,Tango,,Smooth Jazz,,,,,
295,K-pop,Indian Classical,Gypsy Jazz,Roots Reggae,,,,Bongo Flava,,Power Pop,,,,,
296,Afro-Cuban Jazz,Tango,Villancicos,Twist,,,,Jumpstyle,,Italo-Disco,,,,,
297,New Jack Swing,Ambient House,Indian Classical,Joropo,,,,No Wave,,Tribal House,,,,,
298,Music Hall,Gothic Metal,Pachanga,Mbalax,,,,Educational,,Score,,,,,
299,Jungle,Hindustani,Zouk,Therapy,,,,Minimal Techno,,Thrash,,,,,
300,,Sludge Metal,,Bubblegum,,,,Lovers Rock,,Progressive Trance,,,,,
301,,Turntablism,,Zemer Ivri,,,,Bop,,Salsa,,,,,
302,,Free Funk,,Swamp Pop,,,,Country Blues,,Modern Classical,,,,,
303,,Lento Violento,,Pipe & Drum,,,,Deep Techno,,Arena Rock,,,,,
304,,Nordic,,Space Rock,,,,Karaoke,,Drone,,,,,
305,,Ethno-pop,,Emo,,,,Post Bop,,Bhangra,,,,,
306,,Deconstructed Club,,Glam,,,,Bollywood,,Nu-Disco,,,,,
307,,Bollywood,,Guajira,,,,Deconstructed Club,,Roots Reggae,,,,,
308,,Progressive Metal,,Pop Punk,,,,Electroacoustic,,Swing,,,,,
309,,Beat,,Radioplay,,,,Calypso,,Prog Rock,,,,,
310,,Cha-Cha,,Thai Classical,,,,Public Broadcast,,Glitch Hop,,,,,
311,,Crunk,,Acid Jazz,,,,Hard Techno,,Merengue,,,,,
312,,Health-Fitness,,Mugham,,,,Minneapolis Sound,,Cumbia,,,,,
313,,Latin Pop,,Trova,,,,Sound Art,,Interview,,,,,
314,,Aboriginal,,Kwaito,,,,Highlife,,Samba,,,,,
315,,Mod,,Dubstep,,,,Romani,,Shoegaze,,,,,
316,,Zouk,,Sermon,,,,Cha-Cha,,Poetry,,,,,
317,,French House,,Guaguancó,,,,Electro Swing,,Darkwave,,,,,
318,,Afro-Cuban Jazz,,Gagaku,,,,Neo-Classical,,Video Game Music,,,,,
319,,Acid Rock,,Funaná,,,,Acid Rock,,Tropical House,,,,,
320,,Hard Beat,,Neo-Romantic,,,,City Pop,,Bassline,,,,,
321,,Comfy Synth,,Early,,,,UK Funky,,EBM,,,,,
322,,Favela Funk,,Choro,,,,Gypsy Jazz,,Euro-Disco,,,,,
323,,Opera,,Neo Soul,,,,Harsh Noise Wall,,Afro-Cuban,,,,,
324,,,,Ragga,,,,Mod,,Rhythmic Noise,,,,,
325,,,,Charanga,,,,Hard Bop,,Avant-garde Jazz,,,,,
326,,,,Cantorial,,,,Aboriginal,,New Age,,,,,
327,,,,Levenslied,,,,Cantopop,,Free Jazz,,,,,
328,,,,Shaabi,,,,Hindustani,,Metalcore,,,,,
329,,,,Tribal House,,,,Post-Modern,,MPB,,,,,
330,,,,,,,,,,Jazz-Rock,,,,,
331,,,,,,,,,,Glam,,,,,
332,,,,,,,,,,Lounge,,,,,
333,,,,,,,,,,Big Band,,,,,
334,,,,,,,,,,Latin Jazz,,,,,
335,,,,,,,,,,Hyperpop,,,,,
336,,,,,,,,,,Death Metal,,,,,
337,,,,,,,,,,Cool Jazz,,,,,
338,,,,,,,,,,Alt-Pop,,,,,
339,,,,,,,,,,Bubblegum,,,,,
340,,,,,,,,,,Grindcore,,,,,
341,,,,,,,,,,Baltimore Club,,,,,
342,,,,,,,,,,Religious,,,,,
343,,,,,,,,,,AOR,,,,,
344,,,,,,,,,,Mandopop,,,,,
345,,,,,,,,,,Black Metal,,,,,
346,,,,,,,,,,Goth Rock,,,,,
347,,,,,,,,,,Hardstyle,,,,,
348,,,,,,,,,,Free Improvisation,,,,,
349,,,,,,,,,,New Beat,,,,,
350,,,,,,,,,,Dialogue,,,,,
351,,,,,,,,,,Bossa Nova,,,,,
352,,,,,,,,,,Gabber,,,,,
353,,,,,,,,,,Musique Concrète,,,,,
354,,,,,,,,,,Contemporary,,,,,
355,,,,,,,,,,Surf,,,,,
356,,,,,,,,,,Eurobeat,,,,,
357,,,,,,,,,,Beat,,,,,
358,,,,,,,,,,Flamenco,,,,,
359,,,,,,,,,,Footwork,,,,,
360,,,,,,,,,,Free Funk,,,,,
361,,,,,,,,,,Rockabilly,,,,,
362,,,,,,,,,,Zouk,,,,,
363,,,,,,,,,,Soca,,,,,
364,,,,,,,,,,UK Street Soul,,,,,
365,,,,,,,,,,Field Recording,,,,,
366,,,,,,,,,,Dub Techno,,,,,
367,,,,,,,,,,Raï,,,,,
368,,,,,,,,,,Ethereal,,,,,
369,,,,,,,,,,Cubano,,,,,
370,,,,,,,,,,Speed Garage,,,,,
371,,,,,,,,,,Ghettotech,,,,,
372,,,,,,,,,,Southern Rock,,,,,
373,,,,,,,,,,Latin Pop,,,,,
374,,,,,,,,,,Stoner Rock,,,,,
375,,,,,,,,,,Rumba,,,,,
376,,,,,,,,,,Bossanova,,,,,
377,,,,,,,,,,Low Bap,,,,,
378,,,,,,,,,,Beatdown,,,,,
379,,,,,,,,,,Classical,,,,,
380,,,,,,,,,,Electric Blues,,,,,
381,,,,,,,,,,Electroclash,,,,,
382,,,,,,,,,,Italo House,,,,,
383,,,,,,,,,,Political,,,,,
384,,,,,,,,,,Speedcore,,,,,
385,,,,,,,,,,Afro-Cuban Jazz,,,,,
386,,,,,,,,,,Brass Band,,,,,
387,,,,,,,,,,Power Electronics,,,,,
388,,,,,,,,,,Space-Age,,,,,
389,,,,,,,,,,Space Rock,,,,,
390,,,,,,,,,,Celtic,,,,,
391,,,,,,,,,,Ghetto House,,,,,
392,,,,,,,,,,Krautrock,,,,,
393,,,,,,,,,,Symphonic Rock,,,,,
394,,,,,,,,,,Jersey Club,,,,,
395,,,,,,,,,,Ethno-pop,,,,,
396,,,,,,,,,,Skweee,,,,,
397,,,,,,,,,,Alternative Metal,,,,,
398,,,,,,,,,,Post-Hardcore,,,,,
399,,,,,,,,,,Musical,,,,,
400,,,,,,,,,,Neofolk,,,,,
401,,,,,,,,,,Anison,,,,,
402,,,,,,,,,,Special Effects,,,,,
403,,,,,,,,,,Dream Pop,,,,,
404,,,,,,,,,,Pacific,,,,,
405,,,,,,,,,,Speech,,,,,
406,,,,,,,,,,Math Rock,,,,,
407,,,,,,,,,,Promotional,,,,,
408,,,,,,,,,,Rocksteady,,,,,
409,,,,,,,,,,Bluegrass,,,,,
410,,,,,,,,,,Low Bap,,,,,
411,,,,,,,,,,Beatdown,,,,,
412,,,,,,,,,,Swing,,,,,
413,,,,,,,,,,Grunge,,,,,
414,,,,,,,,,,Big Beat,,,,,
415,,,,,,,,,,Ambient,,,,,
416,,,,,,,,,,Trance,,,,,
417,,,,,,,,,,Vaporwave,,,,,
